{"cameraMode":{"drawMode":0,"name":"Shaded","section":"Shading Mode"},"sceneLighting":true,"audioPlay":false,"sceneViewState":{"m_AlwaysRefresh":false,"showFog":true,"showSkybox":true,"showFlares":true,"showImageEffects":true,"showParticleSystems":true,"showVisualEffectGraphs":true,"m_FxEnabled":true},"in2DMode":false,"pivot":{"x":0.7096583843231201,"y":1.7097289562225342,"z":-2.328615665435791},"rotation":{"x":0.24901001155376435,"y":0.2646116316318512,"z":-0.0709303468465805,"w":0.9289489388465881},"size":3.0051138401031496,"orthographic":true}