{"cameraMode":{"drawMode":0,"name":"Shaded","section":"Shading Mode"},"sceneLighting":false,"audioPlay":false,"sceneViewState":{"m_AlwaysRefresh":false,"showFog":true,"showSkybox":false,"showFlares":true,"showImageEffects":true,"showParticleSystems":true,"showVisualEffectGraphs":true,"m_FxEnabled":true},"in2DMode":false,"pivot":{"x":0.0009636878967285156,"y":5.626903057098389,"z":-0.43772920966148379},"rotation":{"x":0.1976139098405838,"y":0.3113675117492676,"z":-0.06636568158864975,"w":0.9271453619003296},"size":6.1763505935668949,"orthographic":true}